subject_index,subject_index_url
Accounting,article/72610
Administrative Services,article/72579
Archives & Records Management,article/72577
Arts Education and Access Income Tax,article/439119
Assessments & Liens,article/72595
Budget,article/72604
Cable & Franchises ,article/72691
City Council,article/72576
Civil Rights,article/484452
Classification & Compensation ,article/72649
Cultural Resources ,article/72582
Development Services Administrative Policies & Procedures,article/79682
Development Services Fee Schedules,article/79683
Discipline,article/72646
Diversity Development & Affirmative Action ,article/72655
Elections,article/72570
Emergency Operations,article/102357
Employee Behavior & Expectations - Policies,article/72654
Employee Behavior & Expectations - Rules,article/72645
Employee Benefits,article/72651
Employee Development & Training,article/72650
Employee Movement ,article/72648
Employment,article/72644
Endangered Species ,article/72599
Energy,article/72602
Equal Employment,article/72643
Equity,article/540383
Facilities,article/96926
Finance,article/72605
Fire & Police Disability & Retirement Fund,article/72652
Fire & Rescue Administration,article/72630
"Fire Protection, General ",article/72631
"Fire Regulations, Alarm Systems & Devices ",article/72635
"Fire Regulations, Fee Schedule",article/156613
"Fire Regulations, Fixed & Portable Fire Extinguishing Systems & Equipment",article/72638
"Fire Regulations, Flammable & Combustible Liquids",article/72636
"Fire Regulations, L.P.G. & Compressed Gases",article/72639
"Fire Regulations, Miscellaneous Appliances & Devices ",article/72633
"Fire Regulations, Miscellaneous Directives ",article/72640
"Fire Regulations, Seasonal & Special Events ",article/72632
"Fire Regulations, Specific Occupancies ",article/72634
Food,article/72596
Funds & Accounts ,article/72608
Global Warming,article/72601
Government Relations,article/72572
Green Building,article/72592
Hearings Officer ,article/72578
Historic Preservation,article/72721
Homelessness,article/105026
Housing Development & Production,article/72641
Human Resources Administration,article/72642
Independent Police Review,article/72677
Information Technology,article/72657
Joint Terrorism Task Forces (JTTF),article/349711
Labor Relations,article/72656
Land Divisions ,article/72586
Leaves,article/72647
Levies & Taxation,article/72609
License Required,article/72660
"Licenses, Administration",article/72659
"Licenses, Definitions",article/72658
"Licenses, Exemptions",article/72661
"Licenses, Fees",article/72662
"Licenses, Income",article/72664
Lobbying Entity Regulation,article/111565
Local Improvement Districts,article/72589
Management Systems,article/72574
"Marijuana, Regulation of",article/548934
Measure 37 Claims,article/72590
Natural Resource Protection,article/72603
Neighorhood Inspections,article/81955
Noise Control ,article/72588
Nuisance Abatement ,article/72591
Ombudsman,article/72575
Park Uses,article/72670
Parking,article/72680
Parks Administration,article/72672
"Planning, Community & Neighborhood ",article/72594
"Planning, Long Range ",article/72593
"Planning, Transportation",article/72685
Portland Sick Time,article/484451
Portland Streetcar Regulations,article/405602
Printing & Distribution,article/88248
Private For-Hire Transportation,article/72667
Private Property Impound Tows,article/72668
Public Involvement & Notification,article/72573
Public Safety Planning & Budget,article/96931
Purchasing ,article/72568
Regulatory Improvement,article/72585
Revenue,article/109518
Right-of-Way & Access,article/72686
Rights-of- Way Use Permits ,article/72688
"Rights-of-Way Permits, Miscellaneous Requirements & Information",article/72690
"Rights-of-Way Permits, Other",article/72689
Risk Management,article/72580
"Sewer, Stormwater & Erosion Control",article/72587
Sister Cities,article/72581
Small Business ,article/72583
Solid Waste & Recycling,article/72597
Special Inspection Program,article/81816
Street Lighting,article/72681
Streets & Sidewalks,article/72678
Sustainability,article/72598
Traffic,article/72679
Transportation Engineering & Development,article/72687
Transportation Funds,article/72682
Transportation Options,article/72683
Transportation Planning,article/72684
Treasury,article/72606
Urban Forestry,article/72671
Urban Services,article/72584
Utilities Customer Service & Accounting,article/72693
Water System Engineering & Development,article/72694
Water Works,article/72692
Watershed,article/111691
